{
  "analysis_summary": {
    "en": "=== ANALYSIS SUMMARY ===",
    "zh": "=== 分析摘要 ==="
  },
  "trustworthiness_score": {
    "en": "Trustworthiness Score",
    "zh": "可信度评分"
  },
  "assessment": {
    "en": "Assessment",
    "zh": "评估结论"
  },
  "fact_check_results": {
    "en": "=== FACT CHECK RESULTS ===",
    "zh": "=== 事实核查结果 ==="
  },
  "overall_accuracy": {
    "en": "Overall Factual Accuracy",
    "zh": "总体事实准确性"
  },
  "debunking_card": {
    "en": "=== DEBUNKING CARD ===",
    "zh": "=== 辟谣卡片 ==="
  },
  "key_issues": {
    "en": "KEY ISSUES",
    "zh": "关键问题"
  },
  "no_issues": {
    "en": "• No significant issues found",
    "zh": "• 未发现重大问题"
  }
}